{
  "qa": {
    "C0": {
      "overall": 0.684,
      "abstention": 0.8,
      "knowledge-update": 0.8055555555555556,
      "multi-session": 0.47107438016528924,
      "single-session-assistant": 0.8035714285714286,
      "single-session-preference": 0.6,
      "single-session-user": 0.921875,
      "temporal-reasoning": 0.6377952755905512
    },
    "C1": {
      "overall": 0.65,
      "abstention": 0.7333333333333333,
      "knowledge-update": 0.7777777777777778,
      "multi-session": 0.4462809917355372,
      "single-session-assistant": 0.8035714285714286,
      "single-session-preference": 0.5333333333333333,
      "single-session-user": 0.875,
      "temporal-reasoning": 0.5984251968503937
    },
    "C2": {
      "overall": 0.69,
      "abstention": 0.7666666666666667,
      "knowledge-update": 0.8055555555555556,
      "multi-session": 0.5041322314049587,
      "single-session-assistant": 0.8214285714285714,
      "single-session-preference": 0.6,
      "single-session-user": 0.90625,
      "temporal-reasoning": 0.6377952755905512
    },
    "C3": {
      "overall": 0.644,
      "abstention": 0.8666666666666667,
      "knowledge-update": 0.7222222222222222,
      "multi-session": 0.4132231404958678,
      "single-session-assistant": 0.8214285714285714,
      "single-session-preference": 0.5666666666666667,
      "single-session-user": 0.921875,
      "temporal-reasoning": 0.5669291338582677
    },
    "C4": {
      "overall": 0.682,
      "abstention": 0.8,
      "knowledge-update": 0.7916666666666666,
      "multi-session": 0.4628099173553719,
      "single-session-assistant": 0.8035714285714286,
      "single-session-preference": 0.7,
      "single-session-user": 0.875,
      "temporal-reasoning": 0.6456692913385826
    },
    "C5": {
      "overall": 0.634,
      "abstention": 0.7666666666666667,
      "knowledge-update": 0.7222222222222222,
      "multi-session": 0.4132231404958678,
      "single-session-assistant": 0.8214285714285714,
      "single-session-preference": 0.5666666666666667,
      "single-session-user": 0.875,
      "temporal-reasoning": 0.5748031496062992
    },
    "C6": {
      "overall": 0.642,
      "abstention": 0.8333333333333334,
      "knowledge-update": 0.7083333333333334,
      "multi-session": 0.39669421487603307,
      "single-session-assistant": 0.8214285714285714,
      "single-session-preference": 0.5,
      "single-session-user": 0.890625,
      "temporal-reasoning": 0.6220472440944882
    },
    "C7": {
      "overall": 0.63,
      "abstention": 0.8,
      "knowledge-update": 0.7083333333333334,
      "multi-session": 0.4049586776859504,
      "single-session-assistant": 0.8214285714285714,
      "single-session-preference": 0.5333333333333333,
      "single-session-user": 0.90625,
      "temporal-reasoning": 0.5590551181102362
    }
  },
  "retrieval": {
    "C0": {
      "turn_recall@5": {
        "overall": 0.8021276595744681,
        "single-session-user": 0.953125,
        "multi-session": 0.9338842975206612,
        "single-session-preference": 0.8666666666666667,
        "temporal-reasoning": 0.8031496062992126,
        "knowledge-update": 0.9722222222222222,
        "single-session-assistant": 0.08928571428571429
      },
      "turn_ndcg@5": {
        "overall": 0.5793584110599388,
        "single-session-user": 0.8903838396786952,
        "multi-session": 0.5568867841252668,
        "single-session-preference": 0.707145369338725,
        "temporal-reasoning": 0.5618302645655122,
        "knowledge-update": 0.7194746609437607,
        "single-session-assistant": 0.06360011270794376
      },
      "session_recall@5": {
        "overall": 0.8489361702127659,
        "single-session-user": 0.984375,
        "multi-session": 0.9752066115702479,
        "single-session-preference": 0.9,
        "temporal-reasoning": 0.8976377952755905,
        "knowledge-update": 1.0,
        "single-session-assistant": 0.08928571428571429
      },
      "session_ndcg@5": {
        "overall": 0.6147119460875466,
        "single-session-user": 0.900878715677035,
        "multi-session": 0.6050963049536231,
        "single-session-preference": 0.7190189422423257,
        "temporal-reasoning": 0.6146647209407802,
        "knowledge-update": 0.7617656919449247,
        "single-session-assistant": 0.06360011270794376
      }
    },
    "C1": {
      "turn_recall@5": {
        "overall": 0.7936170212765957,
        "single-session-user": 0.90625,
        "multi-session": 0.9338842975206612,
        "single-session-preference": 0.8666666666666667,
        "temporal-reasoning": 0.7952755905511811,
        "knowledge-update": 0.9722222222222222,
        "single-session-assistant": 0.08928571428571429
      },
      "turn_ndcg@5": {
        "overall": 0.5615127563031753,
        "single-session-user": 0.8566166534185589,
        "multi-session": 0.5386614441605448,
        "single-session-preference": 0.7261363589039945,
        "temporal-reasoning": 0.5289643678637264,
        "knowledge-update": 0.7109037487128155,
        "single-session-assistant": 0.06717606262755206
      },
      "session_recall@5": {
        "overall": 0.8446808510638298,
        "single-session-user": 0.9375,
        "multi-session": 0.9834710743801653,
        "single-session-preference": 0.9333333333333333,
        "temporal-reasoning": 0.889763779527559,
        "knowledge-update": 1.0,
        "single-session-assistant": 0.08928571428571429
      },
      "session_ndcg@5": {
        "overall": 0.5983569867850644,
        "single-session-user": 0.867390724050455,
        "multi-session": 0.5877332893091212,
        "single-session-preference": 0.7613494466121243,
        "temporal-reasoning": 0.5822749441895079,
        "knowledge-update": 0.7506637309135188,
        "single-session-assistant": 0.06717606262755206
      }
    },
    "C2": {
      "turn_recall@5": {
        "overall": 0.8021276595744681,
        "single-session-user": 0.9375,
        "multi-session": 0.9256198347107438,
        "single-session-preference": 0.8666666666666667,
        "temporal-reasoning": 0.8188976377952756,
        "knowledge-update": 0.9861111111111112,
        "single-session-assistant": 0.07142857142857142
      },
      "turn_ndcg@5": {
        "overall": 0.5700690972995228,
        "single-session-user": 0.8685207082176669,
        "multi-session": 0.5609608693864917,
        "single-session-preference": 0.7115096944577736,
        "temporal-reasoning": 0.5757171767744952,
        "knowledge-update": 0.6510914329363052,
        "single-session-assistant": 0.055909459885204606
      },
      "session_recall@5": {
        "overall": 0.8531914893617021,
        "single-session-user": 0.96875,
        "multi-session": 0.9669421487603306,
        "single-session-preference": 0.9,
        "temporal-reasoning": 0.9291338582677166,
        "knowledge-update": 1.0,
        "single-session-assistant": 0.08928571428571429
      },
      "session_ndcg@5": {
        "overall": 0.6071407373095897,
        "single-session-user": 0.8796521828147926,
        "multi-session": 0.6097278463413548,
        "single-session-preference": 0.7233832673613743,
        "temporal-reasoning": 0.631668783435683,
        "knowledge-update": 0.6922239076399658,
        "single-session-assistant": 0.06281754572867856
      }
    },
    "C3": {
      "turn_recall@5": {
        "overall": 0.7787234042553192,
        "single-session-user": 0.921875,
        "multi-session": 0.8925619834710744,
        "single-session-preference": 0.8333333333333334,
        "temporal-reasoning": 0.7795275590551181,
        "knowledge-update": 0.9722222222222222,
        "single-session-assistant": 0.08928571428571429
      },
      "turn_ndcg@5": {
        "overall": 0.5425336511418776,
        "single-session-user": 0.8486835732579064,
        "multi-session": 0.5088328131073909,
        "single-session-preference": 0.6740129152674742,
        "temporal-reasoning": 0.520339675068419,